"REXEUROPA SRL",Milano","","/aclk?sa=L&ai=DChcSEwiijO2bh6eFAxXVsoMHHQBqCjMYABAAGgJlZg&ase=2&gclid=EAIaIQobChMIooztm4enhQMV1bKDBx0AagozEBAYASAAEgKFXPD_BwE&sig=AOD64_2_6njSDYWt0YqPEzI8ILK6-jF88g&adurl&q&ctype=99&nis=5"
"Relab - milano",Milano","035 454 0660","http://relabenergie.it/fotovoltaico-milano/"
"Fotovoltaico SEASOLAR Milano",Milano","800 513 618","https://seasolargroup.com/it/"
"MYENERGY S.p.A - Azienda Fotovoltaico - Installatore impianti fotovoltaici- Preventivo Impianto Fotovoltaico- Milano",Milano","02 3679 8760","https://www.myenergy.it/"
"Sunpower Italia S.R.L.",Milano","","http://sunpower.maxeon.com/"
"Energy Drive Milano",Milano","02 4671 2533","https://www.energydrive.eu/"
"Unoenergy Spa",Milano","800 089 952","https://www.unoenergy.it/sedi/sede-territoriale-milano-mi/"
"Impianti fotovoltaici milano - Ecobonus Pannelli Fotovoltaici",Milano","02 8968 2150","http://voltaico.altervista.org/"
"IMPIANTI FOTOVOLTAICI MILANO - CSG",Milano","02 215 3500","https://www.impiantifotovoltaici-milano.it/"
"Solarday",Milano","02 259 4171","http://www.solarday.it/"
"Sungrow Italy",Milano","","https://ita.sungrowpower.com/"
"Voltalia Italia",Milano","02 8909 5269","https://voltalia.it/"
"Solarelit Srl",Milano","02 486 2191","https://next.greenvolt.com/it/"
"Gaya Solar | Agrivoltaico",Milano","02 2305 4748","https://www.gaya-solar.it/?utm_source=google&utm_medium=wix_google_business_profile&utm_campaign=6290502931033131642"
"Sun Rex Srl",Milano","0362 516572",""
"Unoenergy Spa",Milano","800 089 952","https://www.unoenergy.it/sedi/sede-territoriale-milano-mi/"
"Sungevity Italia S.R.L.",Milano","02 9475 4857","http://sungevity.it/"
"GIN GROUP",Milano","02 5656 7783","http://www.gingroup.it/"
"Voltalia Italia",Milano","02 8909 5269","https://voltalia.it/"
"Teampower Srl",Milano","039 936 3172","https://www.teampowersrl.it/"
"Delos Power",Milano","02 3827 9797","http://www.delospower.com/"
"Solar Power",Milano","02 8717 6280",""
"InnovEnergy",Milano","0377 508328","http://www.innov-energy.it/"
"gddenergy",Milano","02 4937 1502","http://www.gddenergy.it/"
"Consulenza, O&M, Progettazione, pratiche allaccio fotovoltaico",Milano","",""
"S.A.G. Solar Italia Srl",Milano","02 4549 6731",""
"Ohisama Solar - JV Group",Milano","02 3659 4459","http://www.ohisamasolar.com/"
"Otovo Italia",Milano","","http://www.otovo.it/"
"Assosolare",Milano","02 6698 9156",""
"Ennepiu' S.R.L.",Milano","","http://www.ennepiu.com/"
"KEYNRG Service Soc. Coop.",Milano","02 8408 4118","http://www.keynrg.it/"
"Neyen",Milano","02 7001 8239","https://neyen.it/"
"Vicinialsole",Milano","02 8715 8442","http://vicinialsole.it/"
"ENERNEW S.r.l.",Milano","02 825 8152","http://www.enernew.it/"
"Tecnotin Srl",Milano","02 657 0679",""
"SMA Italia S.r.l.",Milano","02 8934 7200","http://www.sma-italia.com/"
"Fotovoltaico SEASOLAR Torino",Torino","800 513 618","https://seasolargroup.com/it/"
"SINERGICHA",Torino","011 650 5282","http://www.sinergicha.net/"
"Omnianet Energy s.r.l.",Torino","011 1978 0869","http://www.omnianetenergy.it/"
"SmarTec s.r.l.",Torino","011 995 3924","http://www.smartec-italia.com/"
"Simtec Srl",Torino","","https://www.simteconline.it/"
"IMEL OSASIO SRL",Torino","011 979 3061","http://www.imelosasio.it/"
"R√çOS Rinnovabili",Torino","011 681 4938","http://www.riosrenovables.com/"
"All Energy & Architecture srl",Torino","800 064 300","http://www.allenergya.com/"
"Relab - La Rete del fotovoltaico Torino",Torino","011 979 3961","http://relabenergie.it/"
"Rinnova Energy Solution",Torino","011 016 0582","http://www.rinnova.biz/"
"Heliant Srl",Torino","011 216 6697","http://www.heliant.it/"
"WUTEL - Solar Energy Way -",Torino","","http://www.wutel.net/"
"TECOM - Impianti di Riscaldamento e Condizionamento - Ristrutturazioni e Fotovoltaico",Torino","011 582 5053","https://tecomgroup.it/"
"GAIASYSTEM SRL",Torino","011 220 9748",""
"Alfapi srl",Torino","011 1983 8057","https://www.alfapisrl.net/"
"Energyroof Srl",Torino","011 797316",""
"Fareluce srl",Torino","011 768 0518","https://www.faresviluppoimmobiliare.it/"
"BPE Beam Power Energy S.r.l.",Torino","011 793 4150","http://www.beampowerenergy.com/"
"Ingrossofotovoltaico.it Gruppo Krea Distribuzione S.r.l.",Torino","011 957 4350","http://www.ingrossofotovoltaico.it/"
"Photovoltaic Systems Srl",Torino","011 246 0872","http://www.photovoltaicsystems.it/"
"Smartec S.R.L.",Torino","011 001 8500","http://www.smartec-italia.com/"
"GM Solar",Torino","011 1971 3432","http://www.gmsolar.it/"
"Coesa Srl",Torino","011 1895 6338","http://www.coesaenergy.com/"
"Impianti Di Serio",Torino","011 205 9549","http://www.diserioimpianti.it/"
"Energyroof Srl",Torino","011 579 4665",""
"Energia Solare 3000 S.r.l.s",Torino","011 969 3135","http://www.energiasolare.com/"
"Altea Green Power A.G.P. S.p.A.",Torino","011 019 5120","https://www.alteagreenpower.it/"
"A.C.D. Energy - Torino",Torino","011 062 0789","https://www.acdenergy.it/"
"Ab Solar Novara",Torino","0321 620017","http://absolarnovara.it/"
"IS ENERGY Srl",Torino","0121 193 0046","http://www.isenergy.it/"
"Sesting Srl",Torino","011 1978 0485","http://www.sesting.com/contatti.php"
"Ecobel Srl",Torino","011 959 1650","http://www.ecobel.it/"
"MDF Energia srl",Torino","011 581 9824","http://www.mdfenergia.it/"
"G.t.a. srl",Torino","011 223 9402",""
"Green Terrae",Torino","011 064 1995","http://www.greenterrae.it/"
"AP Impianti - Condizionamento Sicurezza Energie Rinnovabili",Torino","011 773 0608","https://www.apimpianti.com/"
"3KT Impianti - Torino | Caldaie Boiler Climatizzatori Pompe di Calore Fotovoltaico",Torino","011 276 3042","https://3ktimpianti.it/"
"Sail Group Eco Energy Resources S.R.L.",Torino","011 627 9757","http://www.sailgroup.it/"
