"Solvinghome","Milano","329 444 1144","http://www.solvinghome.it/"
"Greenagent","Milano","351 966 2742","https://www.greenagent.it/"
"FB ENERGY","Milano","333 167 6449","http://www.emavitis.it/"
"Fotovoltaico FACILE","Milano","392 138 7580",""
"PERIPOLI IMPIANTI S.R.L.","Milano","340 666 5338","https://peripolimpianti.it/"
"Alisol srls","Milano","345 359 3110",""
"Vendita impianti fotovoltaici ed energia","Milano","391 794 0681","http://voltaico.altervista.org/"
"K-Solar","Milano","340 708 5960","http://www.k-solar.it/"
"Milano Sistemi","Milano","351 604 8106",""
"Fotovoltaico FACILE","Milano","392 138 7580",""
"Alisol srls","Milano","345 359 3110",""
"Vendita impianti fotovoltaici ed energia","Milano","391 794 0681","http://voltaico.altervista.org/"
"Lidera Energia","Milano","344 345 6231","http://www.lideraenergia.it/"
"Energyntegration","Milano","342 779 5527","http://www.energyntegration.com/?page_id=27"
"Amt Impianti","Milano","345 094 7447","http://www.amtimpianti.com/"
"AGTech SRL Fotvoltaico & Caldaie","Milano","320 389 1376","https://www.agautomation.it/"
"Stark Milano","Milano","338 170 9359","https://starkmilano.com/"
"Green Energy Factory Team","Milano","371 567 3528","https://gefacteam.eu/"
"HPS Energy","Milano","327 164 3079","https://www.hpsenergy.eu/"
"conquisun","Milano","351 651 9446","https://conquisun.com/"
"Solarleaf S.R.L.s","Torino","333 264 1520","http://www.solarleaf.it/"
"Sungroup Impianti Fotovoltaici","Torino","327 487 1957","https://www.sungroup.it/"
"Trenergy srls","Torino","328 249 1618","https://www.trenergy-esco.it/"
"LUX SOLAR Srl","Torino","348 294 9397","http://luxsolaresco.it/"
"Fotovoltaico GREEN","Torino","335 704 1282",""
"RESOLUTE SRL","Torino","331 171 5141","http://www.resoluteitalia.com/"
"Guzzo Energy","Torino","349 703 4930","http://www.guzzoenergy.com/"
"Enertec","Torino","335 248 938","http://www.enertecsrl.it/"
"Smart Energy Solutions srl","Torino","327 673 7393","http://smartenergysolutionssrl.com/"
"DotQ srl","Torino","375 562 9494","http://www.dotq.it/"
